Player,Team,Position,Age,G,GS,Passing Cmp,Passing Att,Passing Yds,Passing TD,Passing Int,Rushing Att,Rushing Yds,Rushing Y/A,Rushing TD,Receiving Tgt,Receiving Rec,Receiving Yds,Receiving Y/R,Receiving TD,FantPt,PosRank,OvRank
Christian McCaffrey*+,CAR,RB,23,16,16,0,2,0,0,0,287,1387,4.83,15,142,116,1005,8.66,4,355,1,1
Lamar Jackson*+,BAL,QB,22,15,15,265,401,3127,36,6,176,1206,6.85,7,0,0,0,,0,416,1,2
Derrick Henry*,TEN,RB,25,15,15,0,0,0,0,0,303,1540,5.08,16,24,18,206,11.44,2,277,2,3
Aaron Jones,GNB,RB,25,16,16,0,0,0,0,0,236,1084,4.59,16,68,49,474,9.67,3,266,3,4
Ezekiel Elliott*,DAL,RB,24,16,16,0,0,0,0,0,301,1357,4.51,12,71,54,420,7.78,2,258,4,5
Dalvin Cook*,MIN,RB,24,14,14,0,0,0,0,0,250,1135,4.54,13,63,53,519,9.79,0,239,5,6
Michael Thomas*+,NOR,WR,26,16,15,0,0,0,0,0,1,-9,-9.00,0,185,149,1725,11.58,9,226,1,7
Travis Kelce*,KAN,TE,30,16,16,0,0,0,0,0,1,4,4.00,1,136,97,1229,12.67,5,157,1,8
Nick Chubb*,CLE,RB,24,16,16,0,0,0,0,0,298,1494,5.01,8,49,36,278,7.72,0,219,6,9
Austin Ekeler,LAC,RB,24,16,8,0,0,0,0,0,132,557,4.22,3,108,92,993,10.79,8,217,7,10
Mark Ingram*,BAL,RB,30,15,15,0,0,0,0,0,202,1018,5.04,10,29,26,247,9.50,5,217,8,11
Dak Prescott,DAL,QB,26,16,16,388,596,4902,30,11,52,277,5.33,3,0,0,0,,0,338,2,12
Mark Andrews*,BAL,TE,23,15,4,0,0,0,0,0,0,0,,0,98,64,852,13.31,10,143,2,13
Russell Wilson*,SEA,QB,31,16,16,341,516,4110,31,5,75,342,4.56,3,0,0,0,,0,329,3,14
Chris Godwin*,TAM,WR,23,14,14,0,0,0,0,0,1,8,8.00,0,121,86,1333,15.50,9,190,2,15
George Kittle*+,SFO,TE,26,14,14,0,0,0,0,0,5,22,4.40,0,107,85,1053,12.39,5,138,3,16
Deshaun Watson*,HOU,QB,24,15,15,333,495,3852,26,12,82,413,5.04,7,1,1,6,6.00,1,320,4,17
Chris Carson,SEA,RB,25,15,15,0,0,0,0,0,278,1230,4.42,7,47,37,266,7.19,2,196,9,18
Darren Waller,OAK,TE,27,16,16,0,0,0,0,0,2,5,2.50,0,117,90,1145,12.72,3,131,4,19
Kenny Golladay*,DET,WR,26,16,16,0,0,0,0,0,0,0,,0,116,65,1190,18.31,11,183,3,20
Saquon Barkley,NYG,RB,22,13,13,0,0,0,0,0,217,1003,4.62,6,73,52,438,8.42,2,192,10,21
Zach Ertz*,PHI,TE,29,15,15,0,0,0,0,0,0,0,,0,135,88,916,10.41,6,128,5,22
Joe Mixon,CIN,RB,23,16,15,0,0,0,0,0,278,1137,4.09,5,45,35,287,8.20,3,190,11,23
Todd Gurley,LAR,RB,25,15,15,0,0,0,0,0,223,857,3.84,12,49,31,207,6.68,2,188,12,24
Jared Cook*,NOR,TE,32,14,7,0,0,0,0,0,0,0,,0,65,43,705,16.40,9,125,6,25
Cooper Kupp,LAR,WR,26,16,14,0,1,0,0,0,2,4,2.00,0,134,94,1161,12.35,10,177,4,26
Julio Jones*,ATL,WR,30,15,15,0,0,0,0,0,2,-3,-1.50,0,157,99,1394,14.08,6,175,5,27
DeVante Parker,MIA,WR,26,16,14,0,0,0,0,0,0,0,,0,128,72,1202,16.69,9,174,6,28
Leonard Fournette,JAX,RB,24,15,15,0,0,0,0,0,265,1152,4.35,3,100,76,522,6.87,0,183,13,29
Jameis Winston,TAM,QB,25,16,16,380,626,5109,33,30,59,250,4.24,1,0,0,0,,0,305,5,30
Austin Hooper*,ATL,TE,25,13,10,0,0,0,0,0,0,0,,0,97,75,787,10.49,6,117,7,31
Amari Cooper*,DAL,WR,25,16,16,0,0,0,0,0,1,6,6.00,0,119,79,1189,15.05,8,168,7,32
Mike Evans*,TAM,WR,26,13,13,0,0,0,0,0,0,0,,0,118,67,1157,17.27,8,166,8,33
A.J. Brown,TEN,WR,22,16,11,0,0,0,0,0,3,60,20.00,1,84,52,1051,20.21,8,165,9,34
DeAndre Hopkins*+,HOU,WR,27,15,15,1,2,6,1,1,2,18,9.00,0,150,104,1165,11.20,7,165,10,35
Josh Jacobs,OAK,RB,21,13,13,0,0,0,0,0,242,1150,4.75,7,27,20,166,8.30,0,172,14,36
Keenan Allen*,LAC,WR,27,16,16,0,0,0,0,0,3,16,5.33,0,149,104,1199,11.53,6,158,11,37
Miles Sanders,PHI,RB,22,16,11,0,0,0,0,0,179,818,4.57,3,63,50,509,10.18,3,169,15,38
Allen Robinson,CHI,WR,26,16,15,0,0,0,0,0,1,2,2.00,0,154,98,1147,11.70,7,157,12,39
Julian Edelman,NWE,WR,33,16,13,2,2,47,1,0,8,27,3.38,0,153,100,1117,11.17,6,156,13,40
Alvin Kamara*,NOR,RB,24,14,9,1,1,13,0,0,171,797,4.66,5,97,81,533,6.58,1,168,16,41
Marlon Mack,IND,RB,23,14,12,0,0,0,0,0,247,1091,4.42,8,17,14,82,5.86,0,167,17,42
Jarvis Landry*,CLE,WR,27,16,16,0,0,0,0,0,1,10,10.00,0,138,83,1174,14.14,6,154,14,43
Josh Allen,BUF,QB,23,16,16,271,461,3089,20,9,109,510,4.68,9,0,0,0,,0,289,6,44
Tyler Lockett,SEA,WR,27,16,16,0,0,0,0,0,4,-5,-1.25,0,110,82,1057,12.89,8,153,15,45
DJ Chark*,JAX,WR,23,15,14,0,0,0,0,0,2,20,10.00,0,118,73,1008,13.81,8,153,16,46
Kenyan Drake,2TM,RB,25,14,10,0,0,0,0,0,170,817,4.81,8,68,50,345,6.90,0,164,18,47
Patrick Mahomes*,KAN,QB,24,14,14,319,484,4031,26,5,43,218,5.07,2,0,0,0,,0,287,7,48
Phillip Lindsay,DEN,RB,25,16,16,0,0,0,0,0,224,1011,4.51,7,48,35,196,5.60,0,163,19,49
Kyler Murray,ARI,QB,22,16,16,349,542,3722,20,12,93,544,5.85,4,0,0,0,,0,285,8,50
Courtland Sutton*,DEN,WR,24,16,14,1,1,38,0,0,3,17,5.67,0,124,72,1112,15.44,6,150,17,51
Stefon Diggs,MIN,WR,26,15,15,0,1,0,0,0,5,61,12.20,0,94,63,1130,17.94,6,149,18,52
John Brown,BUF,WR,29,15,15,1,1,28,1,0,2,7,3.50,0,115,72,1060,14.72,6,148,19,53
Hunter Henry,LAC,TE,25,12,12,0,0,0,0,0,0,0,,0,76,55,652,11.85,5,95,8,54
Michael Gallup,DAL,WR,23,14,12,0,0,0,0,0,0,0,,0,113,66,1107,16.77,6,147,20,55
Aaron Rodgers*,GNB,QB,36,16,16,353,569,4002,26,4,46,183,3.98,1,0,0,0,,0,278,9,56
Tyler Higbee,LAR,TE,26,15,15,0,0,0,0,0,0,0,,0,89,69,734,10.64,3,91,9,57
D.J. Moore,CAR,WR,22,15,15,0,0,0,0,0,6,40,6.67,0,135,87,1175,13.51,4,144,21,58
Robert Woods,LAR,WR,27,15,15,0,0,0,0,0,17,115,6.76,1,139,90,1134,12.60,2,143,22,59
Carson Wentz,PHI,QB,27,16,16,388,607,4039,27,7,62,243,3.92,1,0,0,0,,0,276,10,60
Raheem Mostert,SFO,RB,27,16,0,0,0,0,0,0,137,772,5.64,8,22,14,180,12.86,2,151,20,61
Dallas Goedert,PHI,TE,24,15,9,0,0,0,0,0,0,0,,0,87,58,607,10.47,5,87,10,62
Le'Veon Bell,NYJ,RB,27,15,15,0,0,0,0,0,245,789,3.22,3,78,66,461,6.98,1,149,21,63
Mike Gesicki,MIA,TE,24,16,5,0,0,0,0,0,0,0,,0,89,51,570,11.18,5,85,11,64
Calvin Ridley,ATL,WR,25,13,10,0,0,0,0,0,2,34,17.00,0,93,63,866,13.75,7,134,23,65
David Montgomery,CHI,RB,22,16,8,0,0,0,0,0,242,889,3.67,6,35,25,185,7.40,1,145,22,66
Terry McLaurin,WAS,WR,24,14,14,0,0,0,0,0,0,0,,0,93,58,919,15.84,7,134,24,67
Tyler Boyd,CIN,WR,25,16,15,0,0,0,0,0,4,23,5.75,0,148,90,1046,11.62,5,133,25,68
Matt Ryan,ATL,QB,34,15,15,408,616,4466,26,14,34,147,4.32,1,0,0,0,,0,267,11,69
Deebo Samuel,SFO,WR,23,15,11,0,0,0,0,0,14,159,11.36,3,81,57,802,14.07,3,132,26,70
Marvin Jones,DET,WR,29,13,11,0,0,0,0,0,2,0,0.00,0,91,62,779,12.56,9,132,27,71
Carlos Hyde,HOU,RB,29,16,14,0,0,0,0,0,245,1070,4.37,6,16,10,42,4.20,0,143,23,72
Tyreek Hill*,KAN,WR,25,12,12,0,0,0,0,0,8,23,2.88,0,89,58,860,14.83,7,130,28,73
Davante Adams*,GNB,WR,27,12,12,0,0,0,0,0,0,0,,0,127,83,997,12.01,5,130,29,74
Sony Michel,NWE,RB,24,16,14,0,0,0,0,0,247,912,3.69,7,20,12,94,7.83,0,141,24,75
Tom Brady,NWE,QB,42,16,16,373,613,4057,24,8,26,34,1.31,3,0,0,0,,0,264,12,76
Jason Witten,DAL,TE,37,16,16,0,0,0,0,0,0,0,,0,83,63,529,8.40,4,77,12,77
Michael Burton,WAS,,27,10,2,0,0,0,0,0,0,0,,0,1,0,0,,0,,1,78
Jared Goff,LAR,QB,25,16,16,394,626,4638,22,16,33,40,1.21,2,0,0,0,,0,248,13,
Jimmy Garoppolo,SFO,QB,28,16,16,329,476,3978,27,13,46,62,1.35,1,0,0,0,,0,247,14,
Derek Carr,OAK,QB,28,16,16,361,513,4054,21,8,27,82,3.04,2,0,0,0,,0,244,16,
Kirk Cousins*,MIN,QB,31,15,15,307,444,3603,26,6,31,63,2.03,1,1,0,0,,0,244,15,
Ryan Fitzpatrick,MIA,QB,37,15,13,311,502,3529,20,13,54,243,4.50,4,0,0,0,,0,241,17,
Philip Rivers,LAC,QB,38,16,16,390,591,4615,23,20,12,29,2.42,0,0,0,0,,0,236,18,
Baker Mayfield,CLE,QB,24,16,16,317,534,3827,22,21,28,141,5.04,3,0,0,0,,0,229,20,
Gardner Minshew,JAX,QB,23,14,12,285,470,3271,21,6,67,344,5.13,0,0,0,0,,0,229,19,
Drew Brees*,NOR,QB,40,11,11,281,378,2979,27,4,9,-4,-0.44,1,0,0,0,,0,225,21,
Ryan Tannehill*,TEN,QB,31,12,10,201,286,2742,22,6,43,185,4.30,4,0,0,0,,0,224,22,
Jacoby Brissett,IND,QB,27,15,15,272,447,2942,18,6,56,228,4.07,4,1,1,2,2.00,0,217,23,
Daniel Jones,NYG,QB,22,13,12,284,459,3027,24,12,45,279,6.20,2,0,0,0,,0,215,24,
Andy Dalton,CIN,QB,32,13,13,314,528,3494,16,14,32,73,2.28,4,1,1,-4,-4.00,0,203,26,
Mitchell Trubisky,CHI,QB,25,15,15,326,516,3138,17,10,48,193,4.02,2,0,0,0,,0,203,25,
Sam Darnold,NYJ,QB,22,13,13,273,441,3024,19,13,33,62,1.88,2,0,0,0,,0,189,27,
Kyle Allen,CAR,QB,23,13,12,303,489,3322,17,16,32,106,3.31,2,0,0,0,,0,177,28,
Matthew Stafford,DET,QB,31,8,8,187,291,2499,19,5,20,66,3.30,0,0,0,0,,0,167,29,
Devonta Freeman,ATL,RB,27,14,14,0,0,0,0,0,184,656,3.57,2,70,59,410,6.95,4,139,26,
Melvin Gordon,LAC,RB,26,12,11,0,0,0,0,0,162,612,3.78,8,55,42,296,7.05,1,139,25,
Ronald Jones,TAM,RB,22,16,9,0,0,0,0,0,172,724,4.21,6,40,31,309,9.97,0,135,27,
Adrian Peterson,WAS,RB,34,15,15,0,0,0,0,0,211,898,4.26,5,23,17,142,8.35,0,130,28,
D.K. Metcalf,SEA,WR,22,16,15,0,0,0,0,0,2,11,5.50,0,100,58,900,15.52,7,129,30,
James White,NWE,RB,27,15,1,1,1,35,0,0,67,263,3.93,1,95,72,645,8.96,5,128,29,
Odell Beckham,CLE,WR,27,16,15,1,2,20,0,0,3,10,3.33,0,133,74,1035,13.99,4,127,31,
Emmanuel Sanders,2TM,WR,32,17,16,1,1,35,1,0,0,0,,0,97,66,869,13.17,5,124,32,
Latavius Murray,NOR,RB,29,16,8,0,0,0,0,0,146,637,4.36,5,43,34,235,6.91,1,123,30,
Darius Slayton,NYG,WR,22,14,9,0,0,0,0,0,0,0,,0,84,48,740,15.42,8,122,33,
Jamison Crowder,NYJ,WR,26,16,12,0,0,0,0,0,1,4,4.00,0,122,78,833,10.68,6,120,34,
Devin Singletary,BUF,RB,22,12,8,0,0,0,0,0,151,775,5.13,2,41,29,194,6.69,2,119,31,
Cole Beasley,BUF,WR,30,15,10,0,0,0,0,0,0,0,,0,106,67,778,11.61,6,118,35,
Curtis Samuel,CAR,WR,23,16,15,0,0,0,0,0,19,130,6.84,1,105,54,627,11.61,6,118,36,
Tevin Coleman,SFO,RB,26,14,11,0,0,0,0,0,137,544,3.97,6,30,21,180,8.57,1,114,32,
James Conner,PIT,RB,24,10,10,0,0,0,0,0,116,464,4.00,4,38,34,251,7.38,3,112,33,
Mike Williams,LAC,WR,25,15,15,0,0,0,0,0,1,2,2.00,0,90,49,1001,20.43,2,112,37,
Damien Williams,KAN,RB,27,11,6,0,0,0,0,0,111,498,4.49,5,37,30,213,7.10,2,111,34,
Robby Anderson,NYJ,WR,26,16,15,0,0,0,0,0,1,4,4.00,0,96,52,779,14.98,5,110,38,
Chris Conley,JAX,WR,27,16,14,0,0,0,0,0,0,0,,0,90,47,775,16.49,5,110,39,
Duke Johnson,HOU,RB,26,16,2,0,0,0,0,0,83,410,4.94,2,62,44,410,9.32,3,110,35,
Mason Rudolph,PIT,QB,24,10,8,176,283,1765,13,9,21,42,2.00,0,0,0,0,,0,109,30,
Jamaal Williams,GNB,RB,24,14,2,0,0,0,0,0,107,460,4.30,1,45,39,253,6.49,5,107,36,
David Johnson,ARI,RB,28,13,9,0,0,0,0,0,94,345,3.67,2,47,36,370,10.28,4,106,37,
Diontae Johnson,PIT,WR,23,16,12,0,0,0,0,0,4,41,10.25,0,92,59,680,11.53,5,104,40,
Case Keenum,WAS,QB,31,10,8,160,247,1707,11,5,9,12,1.33,1,0,0,0,,0,103,31,
Golden Tate,NYG,WR,31,11,10,0,0,0,0,0,1,16,16.00,0,85,49,676,13.80,6,103,41,
Larry Fitzgerald,ARI,WR,36,16,16,0,0,0,0,0,0,0,,0,109,75,804,10.72,4,102,42,
Breshad Perriman,TAM,WR,26,14,4,0,0,0,0,0,2,16,8.00,0,69,36,645,17.92,6,102,43,
Peyton Barber,TAM,RB,25,16,7,0,0,0,0,0,154,470,3.05,6,24,16,115,7.19,1,101,39,
Jordan Howard,PHI,RB,25,10,4,0,0,0,0,0,119,525,4.41,6,14,10,69,6.90,1,101,38,
Tyrell Williams,OAK,WR,27,14,12,0,0,0,0,0,0,0,,0,64,42,651,15.50,6,101,44,
Marquise Brown,BAL,WR,22,14,11,0,0,0,0,0,0,0,,0,71,46,584,12.70,7,100,45,
Randall Cobb,DAL,WR,29,15,6,0,1,0,0,0,3,11,3.67,0,83,55,828,15.05,3,100,47,
Christian Kirk,ARI,WR,23,13,13,0,0,0,0,0,10,93,9.30,0,108,68,709,10.43,3,100,46,
Royce Freeman,DEN,RB,23,16,0,0,0,0,0,0,132,496,3.76,3,50,43,256,5.95,1,99,40,
Mecole Hardman*,KAN,WR,21,16,5,0,0,0,0,0,4,17,4.25,0,41,26,538,20.69,6,94,49,
Zach Pascal,IND,WR,25,16,13,0,1,0,0,0,2,16,8.00,0,72,41,607,14.80,5,94,48,
LeSean McCoy,KAN,RB,31,13,9,0,0,0,0,0,101,465,4.60,4,34,28,181,6.46,1,91,41,
Dede Westbrook,JAX,WR,26,15,11,0,0,0,0,0,5,27,5.40,0,101,66,660,10.00,3,91,50,
Teddy Bridgewater,NOR,QB,27,9,5,133,196,1384,9,2,28,31,1.11,0,0,0,0,,0,90,32,
James Washington,PIT,WR,23,15,10,0,0,0,0,0,0,0,,0,80,44,735,16.70,3,90,51,
Sammy Watkins,KAN,WR,26,14,13,0,0,0,0,0,2,12,6.00,0,90,52,673,12.94,3,87,52,
Gus Edwards,BAL,RB,24,16,1,0,0,0,0,0,133,711,5.35,2,7,7,45,6.43,0,86,43,
DeAndre Washington,OAK,RB,26,16,3,0,0,0,0,0,108,387,3.58,3,41,36,292,8.11,0,86,42,
Tarik Cohen,CHI,RB,24,16,11,0,0,0,0,0,64,213,3.33,0,104,79,456,5.77,3,85,44,
Joe Flacco,DEN,QB,34,8,8,171,262,1822,6,5,12,20,1.67,0,0,0,0,,0,85,34,
Will Fuller,HOU,WR,25,11,11,0,0,0,0,0,0,0,,0,71,49,670,13.67,3,85,53,
Marcus Mariota,TEN,QB,26,7,6,95,160,1203,7,2,24,129,5.38,0,0,0,0,,0,85,33,
Hunter Renfrow,OAK,WR,24,13,4,0,0,0,0,0,0,0,,0,71,49,605,12.35,4,85,55,
Sterling Shepard,NYG,WR,26,10,10,0,0,0,0,0,6,72,12.00,0,83,57,576,10.11,3,85,54,
Matt Breida,SFO,RB,24,13,5,0,0,0,0,0,123,623,5.07,1,22,19,120,6.32,1,84,45,
Adam Thielen,MIN,WR,29,10,10,0,0,0,0,0,4,6,1.50,1,48,30,418,13.93,6,84,56,
Taysom Hill,NOR,QB,29,16,5,3,6,55,0,0,27,156,5.78,1,22,19,234,12.32,6,83,35,
Frank Gore,BUF,RB,36,16,8,0,0,0,0,0,166,599,3.61,2,16,13,100,7.69,0,82,46,
T.Y. Hilton,IND,WR,30,10,10,0,0,0,0,0,0,0,,0,68,45,501,11.13,5,80,57,
Kenny Stills,HOU,WR,27,13,5,0,0,0,0,0,0,0,,0,55,40,561,14.03,4,80,58,
Danny Amendola,DET,WR,34,15,10,1,1,19,1,0,0,0,,0,97,62,678,10.94,1,79,60,
Alshon Jeffery,PHI,WR,29,10,10,0,0,0,0,0,1,2,2.00,1,73,43,490,11.40,4,79,59,
Dwayne Haskins,WAS,QB,22,9,7,119,203,1365,7,7,20,101,5.05,0,0,0,0,,0,77,36,
Brandin Cooks,LAR,WR,26,14,14,0,0,0,0,0,6,52,8.67,0,72,42,583,13.88,2,76,62,
Darren Fells,HOU,TE,33,16,14,0,0,0,0,0,0,0,,0,48,34,341,10.03,7,76,13,
Anthony Miller,CHI,WR,25,16,7,0,0,0,0,0,1,-1,-1.00,0,85,52,656,12.62,2,76,63,
Steven Sims,WAS,WR,22,16,2,0,1,0,0,0,9,85,9.44,1,56,34,310,9.12,4,76,61,
Kerryon Johnson,DET,RB,22,8,7,0,0,0,0,0,113,403,3.57,3,15,10,127,12.70,1,75,47,
Kyle Rudolph,MIN,TE,30,16,16,0,0,0,0,0,0,0,,0,48,39,367,9.41,6,75,14,
Rex Burkhead,NWE,RB,29,13,1,0,0,0,0,0,65,302,4.65,3,38,27,279,10.33,0,74,49,
Nyheim Hines,IND,RB,23,16,2,0,0,0,0,0,52,199,3.83,2,58,44,320,7.27,0,74,50,
Tony Pollard,DAL,RB,22,15,0,0,0,0,0,0,86,455,5.29,2,20,15,107,7.13,1,74,48,
Boston Scott,PHI,RB,24,11,2,0,0,0,0,0,61,245,4.02,5,26,24,204,8.50,0,73,51,
Corey Davis,TEN,WR,24,15,11,0,0,0,0,0,0,0,,0,69,43,601,13.98,2,72,64,
Phillip Dorsett,NWE,WR,26,14,4,0,0,0,0,0,3,21,7.00,0,54,29,397,13.69,5,72,65,
Greg Olsen,CAR,TE,34,14,14,0,0,0,0,0,0,0,,0,82,52,597,11.48,2,72,15,
Chase Edmonds,ARI,RB,23,13,2,0,0,0,0,0,60,303,5.05,4,21,12,105,8.75,1,71,52,
Noah Fant,DEN,TE,22,16,11,0,0,0,0,0,3,-12,-4.00,0,66,40,562,14.05,3,71,16,
JuJu Smith-Schuster,PIT,WR,23,12,12,0,0,0,0,0,0,0,,0,70,42,552,13.14,3,71,66,
Jonnu Smith,TEN,TE,24,16,14,0,0,0,0,0,4,78,19.50,0,44,35,439,12.54,3,70,17,
Jack Doyle*,IND,TE,29,16,16,0,0,0,0,0,0,0,,0,72,43,448,10.42,4,69,18,
Demarcus Robinson,KAN,WR,25,16,10,0,0,0,0,0,0,0,,0,55,32,449,14.03,4,69,67,
Kendrick Bourne,SFO,WR,24,16,0,0,0,0,0,0,0,0,,0,44,30,358,11.93,5,68,69,
Allen Lazard,GNB,WR,24,16,3,0,0,0,0,0,1,21,21.00,0,52,35,477,13.63,3,68,68,
Drew Lock,DEN,QB,23,5,5,100,156,1020,7,3,18,72,4.00,0,0,0,0,,0,68,37,
Rashaad Penny,SEA,RB,23,10,0,0,0,0,0,0,65,370,5.69,3,11,8,83,10.38,1,67,53,
John Ross,CIN,WR,25,8,8,0,0,0,0,0,3,4,1.33,0,56,28,506,18.07,3,67,70,
Evan Engram,NYG,TE,25,8,6,0,0,0,0,0,3,7,2.33,0,68,44,467,10.61,3,65,19,
Mohamed Sanu,2TM,WR,30,15,12,0,0,0,0,0,3,11,3.67,0,89,59,520,8.81,2,65,71,
Tyler Eifert,CIN,TE,29,16,4,0,0,0,0,0,0,0,,0,63,43,436,10.14,3,64,21,
Ryan Griffin,NYJ,TE,29,13,13,0,0,0,0,0,0,0,,0,41,34,320,9.41,5,64,20,
Kareem Hunt,CLE,RB,24,8,3,0,0,0,0,0,43,179,4.16,2,44,37,285,7.70,1,64,54,
Willie Snead,BAL,WR,27,16,11,0,0,0,0,0,2,2,1.00,0,46,31,339,10.94,5,64,72,
Jimmy Graham,GNB,TE,33,16,10,0,0,0,0,0,0,0,,0,60,38,447,11.76,3,63,22,
Auden Tate,CIN,WR,22,12,10,0,0,0,0,0,0,0,,0,80,40,575,14.38,1,62,73,
Taylor Gabriel,CHI,WR,28,9,7,0,0,0,0,0,3,20,6.67,0,48,29,353,12.17,4,61,74,
Preston Williams,MIA,WR,22,8,7,0,0,0,0,0,0,0,,0,60,32,428,13.38,3,59,75,
Alexander Mattison,MIN,RB,21,13,0,0,0,0,0,0,100,462,4.62,1,12,10,82,8.20,0,58,55,
Marquez Valdes-Scantling,GNB,WR,25,16,10,0,0,0,0,0,2,9,4.50,0,56,26,452,17.38,2,58,76,
Malcolm Brown,LAR,RB,26,14,1,0,0,0,0,0,69,255,3.70,5,6,2,16,8.00,0,57,58,
Jeff Driskel,DET,QB,26,3,3,62,105,685,4,4,22,151,6.86,1,1,1,6,6.00,0,57,38,
Brian Hill,ATL,RB,24,12,2,0,0,0,0,0,78,323,4.14,2,14,10,69,6.90,1,57,57,
Jaylen Samuels,PIT,RB,23,14,4,4,5,35,0,1,66,175,2.65,1,57,47,305,6.49,1,57,56,
Tajae Sharpe,TEN,WR,25,15,6,0,0,0,0,0,0,0,,0,35,25,329,13.16,4,57,77,
Eric Ebron,IND,TE,26,11,2,0,0,0,0,0,0,0,,0,52,31,375,12.10,3,56,23,
Ted Ginn,NOR,WR,34,16,9,0,0,0,0,0,3,18,6.00,0,56,30,421,14.03,2,56,78,
Nelson Agholor,PHI,WR,26,11,10,0,0,0,0,0,2,7,3.50,0,69,39,363,9.31,3,55,79,
Cameron Brate,TAM,TE,28,16,6,0,0,0,0,0,0,0,,0,55,36,311,8.64,4,55,24,
Keelan Cole,JAX,WR,26,16,1,0,0,0,0,0,1,6,6.00,0,35,24,361,15.04,3,55,80,
Blake Jarwin,DAL,TE,25,16,7,0,0,0,0,0,0,0,,0,41,31,365,11.77,3,55,25,
Benny Snell,PIT,RB,21,13,2,0,0,0,0,0,108,426,3.94,2,4,3,23,7.67,0,55,59,
Jordan Akins,HOU,TE,27,16,9,0,0,0,0,0,0,0,,0,55,36,418,11.61,2,54,26,
David Blough,DET,QB,24,5,5,94,174,984,4,6,8,31,3.88,0,1,1,19,19.00,1,54,40,
Eli Manning,NYG,QB,38,4,4,91,147,1042,6,5,4,7,1.75,0,0,0,0,,0,54,39,
Alex Erickson,CIN,WR,27,16,6,1,1,26,0,0,5,33,6.60,0,78,43,529,12.30,0,53,82,
Gerald Everett,LAR,TE,25,13,2,0,0,0,0,0,1,0,0.00,0,60,37,408,11.03,2,53,28,
Jacob Hollister,SEA,TE,26,11,3,0,0,0,0,0,0,0,,0,59,41,349,8.51,3,53,27,
Tre'Quan Smith,NOR,WR,23,11,6,0,0,0,0,0,0,0,,0,25,18,234,13.00,5,53,81,
Darrel Williams,KAN,RB,24,12,0,0,0,0,0,0,41,141,3.44,3,19,15,167,11.13,1,53,60,
Allen Hurns,MIA,WR,28,14,7,0,0,0,0,0,0,0,,0,47,32,416,13.00,2,52,83,
Dawson Knox,BUF,TE,23,15,11,0,0,0,0,0,1,9,9.00,0,50,28,388,13.86,2,52,29,
Chris Thompson,WAS,RB,29,11,0,0,0,0,0,0,37,138,3.73,0,58,42,378,9.00,0,52,61,
Will Dissly,SEA,TE,23,6,6,0,0,0,0,0,1,7,7.00,0,27,23,262,11.39,4,51,30,
Devlin Hodges,PIT,QB,23,8,6,100,160,1063,5,8,21,68,3.24,0,0,0,0,,0,51,41,
Russell Gage,ATL,WR,23,16,4,0,0,0,0,0,4,12,3.00,0,74,49,446,9.10,1,50,84,
Derrius Guice,WAS,RB,22,5,1,0,0,0,0,0,42,245,5.83,2,9,7,79,11.29,1,50,62,
O.J. Howard,TAM,TE,25,14,14,0,0,0,0,0,0,0,,0,53,34,459,13.50,1,50,31,
Adam Humphries,TEN,WR,26,12,3,0,0,0,0,0,1,1,1.00,0,47,37,374,10.11,2,50,85,
J.D. McKissic,DET,RB,26,16,3,0,0,0,0,0,38,205,5.39,0,42,34,233,6.85,1,50,63,
T.J. Hockenson,DET,TE,22,12,7,0,0,0,0,0,0,0,,0,59,32,367,11.47,2,49,32,
Demaryius Thomas,NYJ,WR,32,11,10,0,0,0,0,0,0,0,,0,58,36,433,12.03,1,49,86,
Olabisi Johnson,MIN,WR,22,16,6,0,0,0,0,0,1,6,6.00,0,45,31,294,9.48,3,48,87,
Mike Boone,MIN,RB,24,16,2,0,0,0,0,0,49,273,5.57,3,4,3,17,5.67,0,47,65,
Josh Gordon,2TM,WR,28,11,7,0,1,0,0,1,1,1,1.00,0,47,27,426,15.78,1,47,88,
Hayden Hurst,BAL,TE,26,16,4,0,0,0,0,0,0,0,,0,39,30,349,11.63,2,47,34,
Foster Moreau,OAK,TE,22,13,7,0,0,0,0,0,0,0,,0,25,21,174,8.29,5,47,33,
Jalen Richard,OAK,RB,26,16,0,0,0,0,0,0,39,145,3.72,0,43,36,323,8.97,0,47,66,
Jordan Wilkins,IND,RB,25,14,1,0,0,0,0,0,51,307,6.02,2,11,7,43,6.14,0,47,64,
Vance McDonald,PIT,TE,29,14,14,0,0,0,0,0,1,2,2.00,0,55,38,273,7.18,3,46,35,
Albert Wilson,MIA,WR,27,13,4,1,2,20,0,0,5,45,9.00,0,62,43,351,8.16,1,46,89,
Patrick Laird,MIA,RB,24,15,4,0,0,0,0,0,62,168,2.71,1,30,23,204,8.87,0,45,67,
Ricky Seals-Jones,CLE,TE,24,14,3,0,0,0,0,0,0,0,,0,22,14,229,16.36,4,45,36,
Kaden Smith,NYG,TE,22,9,6,0,0,0,0,0,0,0,,0,42,31,268,8.65,3,45,37,
Nick Boyle,BAL,TE,26,16,15,0,0,0,0,0,0,0,,0,43,31,321,10.35,2,44,38,
Jeff Wilson,SFO,RB,24,10,0,0,0,0,0,0,27,105,3.89,4,5,3,34,11.33,1,44,68,
David Moore,SEA,WR,24,14,1,0,0,0,0,0,3,25,8.33,0,34,17,301,17.71,2,43,90,
Irv Smith Jr.,MIN,TE,21,16,7,0,0,0,0,0,0,0,,0,47,36,311,8.64,2,43,39,
Brandon Bolden,NWE,RB,29,15,2,0,0,0,0,0,15,68,4.53,3,11,9,111,12.33,1,42,70,
Justice Hill,BAL,RB,22,16,0,0,0,0,0,0,58,225,3.88,2,15,8,70,8.75,0,42,71,
Cody Latimer,NYG,WR,27,15,10,0,0,0,0,0,0,0,,0,42,24,300,12.50,2,42,91,
Matt Moore,KAN,QB,35,6,2,59,91,659,4,0,5,-1,-0.20,0,0,0,0,,0,42,42,
Bo Scarbrough,DET,RB,23,6,5,0,0,0,0,0,89,377,4.24,1,4,1,5,5.00,0,42,69,
Geronimo Allison,GNB,WR,25,16,6,0,0,0,0,0,1,7,7.00,0,55,34,287,8.44,2,41,92,
Josh Hill,NOR,TE,29,16,11,0,0,0,0,0,0,0,,0,35,25,226,9.04,3,41,40,
Dion Lewis,TEN,RB,29,16,1,0,0,0,0,0,54,209,3.87,0,32,25,164,6.56,1,41,72,
Josh Reynolds,LAR,WR,24,16,2,0,0,0,0,0,5,23,4.60,0,43,21,326,15.52,1,41,93,
Damiere Byrd,ARI,WR,26,11,3,0,0,0,0,0,0,0,,0,46,32,359,11.22,1,40,94,
Marcus Johnson,IND,WR,25,8,6,0,0,0,0,0,0,0,,0,33,17,277,16.29,2,40,95,
Dare Ogunbowale,TAM,RB,25,16,0,0,0,0,0,0,11,17,1.55,2,46,35,286,8.17,0,40,73,
Seth Roberts,BAL,WR,28,16,0,0,0,0,0,0,0,0,,0,35,21,271,12.90,2,39,96,
Kalen Ballage,MIA,RB,24,12,6,0,0,0,0,0,74,135,1.82,3,24,14,63,4.50,0,38,75,
Giovani Bernard,CIN,RB,28,16,2,0,0,0,0,0,53,170,3.21,0,43,30,234,7.80,0,38,74,
Miles Boykin,BAL,WR,23,16,11,0,0,0,0,0,0,0,,0,22,13,198,15.23,3,38,97,
Nick Foles,JAX,QB,30,4,4,77,117,736,3,2,4,23,5.75,0,0,0,0,,0,38,43,
Ryquell Armstead,JAX,RB,23,16,1,0,0,0,0,0,35,108,3.09,0,24,14,144,10.29,2,37,76,
Wayne Gallman,NYG,RB,25,10,2,0,0,0,0,0,29,110,3.79,2,15,11,102,9.27,1,37,77,
Kelvin Harmon,WAS,WR,23,16,8,1,1,11,0,0,0,0,,0,44,30,365,12.17,0,37,98,
Paul Richardson,WAS,WR,27,10,6,0,0,0,0,0,1,0,0.00,0,42,28,245,8.75,2,37,99,
DaeSean Hamilton,DEN,WR,24,16,2,0,0,0,0,0,0,0,,0,52,28,297,10.61,1,36,102,
Ty Johnson,DET,RB,22,16,1,0,0,0,0,0,63,273,4.33,0,31,24,109,4.54,0,36,78,
Isaiah McKenzie,BUF,WR,24,15,8,0,0,0,0,0,8,49,6.13,0,39,27,254,9.41,1,36,100,
Jakobi Meyers,NWE,WR,23,15,1,0,0,0,0,0,0,0,,0,41,26,359,13.81,0,36,101,
C.J. Uzomah,CIN,TE,26,16,16,0,0,0,0,0,0,0,,0,40,27,242,8.96,2,36,41,
Demetrius Harris,CLE,TE,28,15,6,0,0,0,0,0,0,0,,0,27,15,149,9.93,3,35,42,
Jonathan Williams,IND,RB,25,9,1,0,0,0,0,0,49,235,4.80,1,5,5,59,11.80,0,35,79,
Tavon Austin,DAL,WR,29,14,0,0,0,0,0,0,6,47,7.83,1,24,13,177,13.62,1,34,103,
Delanie Walker,TEN,TE,35,7,4,0,0,0,0,0,0,0,,0,31,21,215,10.24,2,34,43,
Brandon Allen,DEN,QB,27,3,3,39,84,515,3,2,10,39,3.90,0,0,0,0,,0,33,45,
Marvin Hall,DET,WR,26,9,0,0,0,0,0,0,1,7,7.00,0,11,7,261,37.29,1,33,104,
Matt Schaub,ATL,QB,38,6,1,50,67,580,3,1,3,-3,-1.00,0,0,0,0,,0,33,44,
Jaron Brown,SEA,WR,29,14,4,0,0,0,0,0,0,0,,0,28,16,220,13.75,2,32,105,
Vyncint Smith,NYJ,WR,23,13,4,0,0,0,0,0,3,52,17.33,1,31,17,225,13.24,0,32,107,
Greg Ward,PHI,WR,24,7,3,0,0,0,0,0,1,5,5.00,0,40,28,254,9.07,1,32,106,
Pharoh Cooper,2TM,WR,24,13,1,0,0,0,0,0,1,2,2.00,0,33,25,243,9.72,1,31,109,
Keke Coutee,HOU,WR,22,9,4,0,0,0,0,0,2,14,7.00,1,36,22,254,11.55,0,31,108,
Kyle Juszczyk*,SFO,RB,28,12,12,0,0,0,0,0,3,7,2.33,0,24,20,239,11.95,1,31,80,
Malik Turner,SEA,WR,23,15,3,0,0,0,0,0,0,0,,0,22,15,245,16.33,1,31,110,
Charles Clay,ARI,TE,30,15,10,0,0,0,0,0,0,0,,0,24,18,237,13.17,1,30,45,
Qadree Ollison,ATL,RB,23,8,0,0,0,0,0,0,22,50,2.27,4,2,1,7,7.00,0,30,81,
Chester Rogers,IND,WR,25,12,6,0,0,0,0,0,1,18,18.00,0,28,16,179,11.19,2,30,111,
Jeremy Sprinkle,WAS,TE,25,16,13,0,0,0,0,0,0,0,,0,40,26,241,9.27,1,30,44,
Jarius Wright,CAR,WR,30,16,9,0,0,0,0,0,1,-7,-7.00,0,58,28,296,10.57,0,29,112,
DeSean Jackson,PHI,WR,33,3,3,0,0,0,0,0,0,0,,0,10,9,159,17.67,2,28,113,
Jake Kumerow,GNB,WR,27,14,4,0,0,0,0,0,0,0,,0,21,12,219,18.25,1,28,115,
Scott Miller,TAM,WR,22,10,2,0,0,0,0,0,2,16,8.00,0,26,13,200,15.38,1,28,116,
Justin Watson,TAM,WR,24,16,2,0,0,0,0,0,0,0,,0,26,15,159,10.60,2,28,114,
Jakeem Grant,MIA,WR,27,10,2,0,0,0,0,0,4,5,1.25,1,33,19,164,8.63,0,27,118,
N'Keal Harry,NWE,WR,22,7,5,0,0,0,0,0,5,49,9.80,0,24,12,105,8.75,2,27,117,
James O'Shaughnessy,JAX,TE,27,5,5,0,0,0,0,0,0,0,,0,20,14,153,10.93,2,27,46,
Mark Walton,MIA,RB,22,7,4,0,0,0,0,0,53,201,3.79,0,21,15,89,5.93,0,27,82,
Chase Daniel,CHI,QB,33,3,1,45,64,435,3,2,6,6,1.00,0,0,0,0,,0,26,46,
Anthony Firkser,TEN,TE,24,15,1,0,0,0,0,0,0,0,,0,24,14,204,14.57,1,26,47,
Isaiah Ford,MIA,WR,23,8,0,0,0,0,0,0,1,11,11.00,0,35,23,244,10.61,0,26,123,
Marquise Goodwin,SFO,WR,29,9,6,0,0,0,0,0,1,15,15.00,0,21,12,186,15.50,1,26,120,
Dontrell Hilliard,CLE,RB,24,14,0,0,0,0,0,0,13,49,3.77,2,15,12,92,7.67,0,26,84,
Andy Isabella,ARI,WR,23,15,1,0,0,0,0,0,4,15,3.75,0,13,9,189,21.00,1,26,119,
Bilal Powell,NYJ,RB,31,13,1,0,1,0,0,0,59,229,3.88,0,12,7,33,4.71,0,26,83,
Trey Quinn,WAS,WR,24,12,6,0,0,0,0,0,0,0,,0,47,26,198,7.62,1,26,122,
Damion Ratley,CLE,WR,24,13,3,0,0,0,0,0,0,0,,0,24,12,200,16.67,1,26,121,
Maxx Williams,ARI,TE,25,16,10,0,0,0,0,0,0,0,,0,19,15,202,13.47,1,26,48,
Dan Arnold,2TM,TE,24,5,1,0,0,0,0,0,0,0,,0,14,8,127,15.88,2,25,49,
Ryan Finley,CIN,QB,25,3,3,41,87,474,2,2,10,77,7.70,0,0,0,0,,0,25,47,
KeeSean Johnson,ARI,WR,23,10,4,0,0,0,0,0,1,3,3.00,0,42,21,187,8.90,1,25,124,
Cordarrelle Patterson*+,CHI,WR,28,16,4,0,0,0,0,0,17,103,6.06,0,17,11,83,7.55,0,25,125,
Ito Smith,ATL,RB,24,7,0,0,0,0,0,0,22,106,4.82,1,14,11,87,7.91,0,25,85,
Javon Wims,CHI,WR,25,16,6,0,0,0,0,0,0,0,,0,39,18,186,10.33,1,25,126,
Ameer Abdullah,MIN,RB,26,16,0,0,0,0,0,0,23,115,5.00,0,21,15,88,5.87,1,24,87,
Myles Gaskin,MIA,RB,22,7,0,0,0,0,0,0,36,133,3.69,1,12,7,51,7.29,0,24,86,
Dante Pettis,SFO,WR,24,11,4,1,1,16,0,0,0,0,,0,24,11,109,9.91,2,24,128,
Laquon Treadwell,MIN,WR,24,13,1,0,0,0,0,0,0,0,,0,16,9,184,20.44,1,24,127,
Olamide Zaccheaus,ATL,WR,22,10,0,0,0,0,0,0,0,0,,0,5,3,115,38.33,1,24,129,
JJ Arcega-Whiteside,PHI,WR,23,16,5,0,0,0,0,0,0,0,,0,22,10,169,16.90,1,23,132,
Reggie Bonnafon,CAR,RB,23,16,0,0,0,0,0,0,16,116,7.25,1,9,6,57,9.50,0,23,88,
Rhett Ellison,NYG,TE,31,10,7,0,0,0,0,0,0,0,,0,28,18,167,9.28,1,23,51,
Bennie Fowler,NYG,WR,28,8,2,0,0,0,0,0,1,20,20.00,0,36,23,193,8.39,0,23,130,
Byron Pringle,KAN,WR,26,16,0,0,0,0,0,0,0,0,,0,16,12,170,14.17,1,23,131,
Darwin Thompson,KAN,RB,23,12,0,0,0,0,0,0,37,128,3.46,1,10,9,43,4.78,0,23,89,
Logan Thomas,DET,TE,28,16,3,0,0,0,0,0,0,0,,0,28,16,173,10.81,1,23,50,
Duke Williams,BUF,WR,26,4,3,0,0,0,0,0,0,0,,0,19,12,166,13.83,1,23,133,
Justin Jackson,LAC,RB,24,7,0,0,0,0,0,0,29,200,6.90,0,11,9,22,2.44,0,22,90,
Zay Jones,2TM,WR,24,15,9,0,0,0,0,0,1,3,3.00,0,45,27,216,8.00,0,22,134,
Marcedes Lewis,GNB,TE,35,16,11,0,0,0,0,0,0,0,,0,19,15,156,10.40,1,22,52,
Tim Patrick,DEN,WR,26,8,2,0,0,0,0,0,0,0,,0,31,16,218,13.63,0,22,135,
Ross Dwelley,SFO,TE,24,16,6,0,0,0,0,0,0,0,,0,22,15,91,6.07,2,21,53,
Jaeden Graham,ATL,TE,24,16,0,0,0,0,0,0,0,0,,0,10,9,149,16.56,1,21,54,
C.J. Ham*,MIN,RB,26,16,7,0,0,0,0,0,7,17,2.43,0,26,17,149,8.76,1,21,91,
Brian Hoyer,IND,QB,34,4,1,35,65,372,4,4,8,2,0.25,0,0,0,0,,0,21,48,
Kalif Raymond,TEN,WR,25,8,1,0,0,0,0,0,1,-5,-5.00,0,12,9,170,18.89,1,21,136,
Parris Campbell,IND,WR,22,7,3,0,0,0,0,0,4,34,8.50,0,24,18,127,7.06,1,20,139,
Derek Carrier,OAK,TE,29,16,4,0,0,0,0,0,1,27,27.00,0,19,13,108,8.31,1,20,56,
Trevor Davis,3TM,WR,26,14,4,0,0,0,0,0,4,73,18.25,1,11,8,111,13.88,0,20,137,
Justin Hardy,ATL,WR,28,16,1,0,0,0,0,0,0,0,,0,26,19,195,10.26,0,20,140,
Richie James,SFO,WR,24,16,1,0,0,0,0,0,2,-1,-0.50,0,10,6,165,27.50,1,20,138,
Ian Thomas,CAR,TE,23,16,3,0,0,0,0,0,0,0,,0,30,16,136,8.50,1,20,55,
Matt LaCosse,NWE,TE,27,11,8,0,0,0,0,0,0,0,,0,19,13,131,10.08,1,19,57,
Ty Montgomery,NYJ,RB,26,16,2,0,0,0,0,0,32,103,3.22,0,17,13,90,6.92,0,19,92,
C.J. Prosise,SEA,RB,25,9,0,0,0,0,0,0,23,72,3.13,1,12,10,76,7.60,0,19,93,
Vernon Davis,WAS,TE,35,4,1,0,0,0,0,0,0,0,,0,19,10,123,12.30,1,18,58,
Darrell Henderson,LAR,RB,22,13,0,0,0,0,0,0,39,147,3.77,0,6,4,37,9.25,0,18,94,
Dontrelle Inman,2TM,WR,30,7,1,0,0,0,0,0,0,0,,0,21,12,181,15.08,0,18,141,
Josh Rosen,MIA,QB,22,6,3,58,109,567,1,5,3,13,4.33,0,0,0,0,,0,18,49,
Jeff Heuerman,DEN,TE,27,14,11,0,0,0,0,0,0,0,,0,20,14,114,8.14,1,17,60,
Travis Homer,SEA,RB,21,16,1,0,0,0,0,0,18,114,6.33,0,13,11,56,5.09,0,17,95,
Ryan Izzo,NWE,TE,24,6,4,0,0,0,0,0,0,0,,0,9,6,114,19.00,1,17,59,
A.J. McCarron,HOU,QB,29,2,1,21,37,225,0,1,5,39,7.80,1,0,0,0,,0,17,50,
Cam Newton,CAR,QB,30,2,2,50,89,572,0,1,5,-2,-0.40,0,0,0,0,,0,17,51,
Nick O'Leary,2TM,TE,27,12,5,0,0,0,0,0,0,0,,0,18,13,109,8.38,1,17,62,
Devin Smith,DAL,WR,27,4,2,0,0,0,0,0,0,0,,0,9,5,113,22.60,1,17,142,
Nick Vannett,2TM,TE,26,16,7,0,0,0,0,0,0,0,,0,22,17,166,9.76,0,17,63,
Ben Watson,NWE,TE,39,10,8,0,0,0,0,0,0,0,,0,24,17,173,10.18,0,17,61,
T.J. Yeldon,BUF,RB,26,6,0,0,0,0,0,0,17,63,3.71,0,15,13,124,9.54,0,17,96,
Andrew Beck,DEN,RB,23,16,6,1,1,6,0,0,1,3,3.00,0,12,9,90,10.00,1,16,97,
Robert Griffin,BAL,QB,29,7,1,23,38,225,1,2,20,70,3.50,0,0,0,0,,0,16,52,
Hale Hentges,WAS,TE,23,11,4,0,0,0,0,0,0,0,,0,14,8,103,12.88,1,16,64,
Robert Tonyan,GNB,TE,25,11,1,0,0,0,0,0,0,0,,0,15,10,100,10.00,1,16,65,
Joshua Perkins,PHI,TE,26,5,0,0,0,0,0,0,0,0,,0,13,9,87,9.67,1,15,67,
MyCole Pruitt,TEN,TE,27,16,10,0,0,0,0,0,0,0,,0,8,6,90,15.00,1,15,66,
Wendell Smallwood,WAS,RB,25,15,0,0,0,0,0,0,22,81,3.68,0,13,9,64,7.11,0,15,98,
DeAndre Carter,HOU,WR,26,16,3,0,0,0,0,0,0,0,,0,14,11,162,14.73,0,14,143,
Seth Devalve,JAX,TE,26,12,6,0,0,0,0,0,0,0,,0,18,12,140,11.67,0,14,69,
Trey Edmunds,PIT,RB,25,11,0,0,0,0,0,0,22,92,4.18,0,7,6,48,8.00,0,14,100,
Virgil Green,LAC,TE,31,15,4,0,0,0,0,0,0,0,,0,13,9,78,8.67,1,14,70,
Wes Hills,DET,RB,24,1,1,0,0,0,0,0,10,21,2.10,2,2,2,1,0.50,0,14,99,
Jesse James,DET,TE,25,16,11,0,0,0,0,0,0,0,,0,27,16,142,8.88,0,14,68,
Daniel Brown,NYJ,TE,27,16,5,0,0,0,0,0,0,0,,0,11,7,72,10.29,1,13,71,
Keelan Doss,OAK,WR,23,8,2,0,0,0,0,0,0,0,,0,14,11,133,12.09,0,13,144,
Rico Gafford,OAK,WR,23,4,1,0,0,0,0,0,0,0,,0,2,2,66,33.00,1,13,145,
Mack Hollins,2TM,WR,26,16,3,0,0,0,0,0,0,0,,0,23,10,125,12.50,0,13,146,
Jesper Horsted,CHI,TE,22,6,1,0,0,0,0,0,0,0,,0,10,8,87,10.88,1,13,73,
Tyler Kroft,BUF,TE,27,11,3,0,0,0,0,0,0,0,,0,14,6,71,11.83,1,13,72,
Ben Roethlisberger,PIT,QB,37,2,2,35,62,351,0,1,1,7,7.00,0,0,0,0,,0,13,53,
Kerrith Whyte,PIT,RB,23,6,0,0,0,0,0,0,24,122,5.08,0,1,1,9,9.00,0,13,101,
Ben Braunecker,CHI,TE,25,11,3,0,0,0,0,0,0,0,,0,11,6,59,9.83,1,12,74,
Antonio Brown,NWE,WR,31,1,0,0,0,0,0,0,1,5,5.00,0,8,4,56,14.00,1,12,148,
Deon Cain,2TM,WR,23,13,6,0,0,0,0,0,0,0,,0,20,9,124,13.78,0,12,147,
Rashard Higgins,CLE,WR,25,10,1,0,0,0,0,0,0,0,,0,11,4,55,13.75,1,12,149,
Alec Ingold,OAK,RB,23,16,4,0,0,0,0,0,10,17,1.70,0,6,6,44,7.33,1,12,102,
Javorius Allen,NYG,RB,28,10,0,0,0,0,0,0,10,36,3.60,1,2,1,9,9.00,0,11,104,
Stephen Carlson,CLE,TE,23,9,5,0,0,0,0,0,0,0,,0,7,5,51,10.20,1,11,76,
Darren Sproles,PHI,RB,36,6,1,0,0,0,0,0,17,66,3.88,0,10,6,24,4.00,0,11,103,
Tommy Sweeney,BUF,TE,24,6,1,0,0,0,0,0,0,0,,0,13,8,114,14.25,0,11,75,
Brandon Zylstra,CAR,WR,26,8,0,0,0,0,0,0,0,0,,0,12,8,106,13.25,0,11,150,
Marcell Ateman,OAK,WR,25,11,0,0,0,0,0,0,0,0,,0,10,5,116,23.20,0,10,153,
Braxton Berrios,NYJ,WR,24,16,0,0,0,0,0,0,0,0,,0,13,6,115,19.17,0,10,155,
Troy Fumagalli,DEN,TE,24,11,5,0,0,0,0,0,0,0,,0,9,6,38,6.33,1,10,78,
Deonte Harris*+,NOR,WR,22,14,1,0,0,0,0,0,4,31,7.75,0,6,6,24,4.00,0,10,154,
Andy Janovich,DEN,RB,26,7,3,0,0,0,0,0,1,1,1.00,1,5,5,42,8.40,0,10,105,
T.J. Jones,NYG,WR,27,3,0,0,0,0,0,0,0,0,,0,4,3,38,12.67,1,10,151,
JJ Nelson,OAK,WR,27,2,1,0,0,0,0,0,0,0,,0,5,4,36,9.00,1,10,152,
David Njoku,CLE,TE,23,4,1,0,0,0,0,0,0,0,,0,10,5,41,8.20,1,10,77,
Danny Vitale,GNB,RB,26,15,4,0,0,0,0,0,1,3,3.00,0,12,7,97,13.86,0,10,107,
Derek Watt,LAC,RB,27,16,2,0,0,0,0,0,7,10,1.43,1,5,3,32,10.67,0,10,106,
Mo Alie-Cox,IND,TE,26,16,2,0,0,0,0,0,0,0,,0,11,8,93,11.63,0,9,79,
Kenjon Barner,ATL,RB,29,14,0,1,1,3,0,0,4,28,7.00,0,8,6,22,3.67,0,9,110,
Christian Blake,ATL,WR,23,9,3,0,0,0,0,0,0,0,,0,24,11,91,8.27,0,9,157,
Antonio Callaway,CLE,WR,22,4,2,0,0,0,0,0,0,0,,0,15,8,89,11.13,0,9,158,
Luke Falk,NYJ,QB,25,3,2,47,73,416,0,3,0,0,,0,0,0,0,,0,9,54,
Robert Foster,BUF,WR,25,13,2,0,0,0,0,0,2,29,14.50,0,18,3,64,21.33,0,9,156,
J.P. Holtz,2TM,TE,26,15,7,0,0,0,0,0,0,0,,0,8,7,91,13.00,0,9,81,
D'Ernest Johnson,CLE,RB,23,16,0,0,0,0,0,0,4,21,5.25,0,7,6,71,11.83,0,9,109,
Marshawn Lynch,SEA,RB,33,1,0,0,0,0,0,0,12,34,2.83,1,0,0,0,,0,9,108,
Lee Smith,BUF,TE,32,16,5,0,0,0,0,0,0,0,,0,5,4,31,7.75,1,9,80,
Alex Armah,CAR,RB,25,16,1,0,0,0,0,0,6,11,1.83,1,2,2,6,3.00,0,8,112,
Nick Bellore,SEA,RB,30,14,1,0,0,0,0,0,0,0,,0,2,2,23,11.50,1,8,111,
Ventell Bryant,DAL,WR,23,12,0,0,0,0,0,0,0,0,,0,1,1,15,15.00,1,8,162,
Trey Burton,CHI,TE,28,8,5,0,0,0,0,0,0,0,,0,24,14,84,6.00,0,8,82,
KhaDarel Hodge,CLE,WR,24,16,1,0,0,0,0,0,0,0,,0,10,4,76,19.00,0,8,161,
Trent Sherfield,ARI,WR,23,16,1,0,0,0,0,0,0,0,,0,13,4,80,20.00,0,8,160,
Damion Willis,CIN,WR,22,10,2,0,0,0,0,0,0,0,,0,16,9,82,9.11,0,8,159,
Luke Willson,SEA,TE,29,8,7,0,0,0,0,0,0,0,,0,10,8,79,9.88,0,8,83,
Chad Beebe,MIN,WR,25,3,0,0,0,0,0,0,0,0,,0,2,2,70,35.00,0,7,163,
Blake Bell,KAN,TE,28,15,7,0,0,0,0,0,0,0,,0,15,8,67,8.38,0,7,85,
Devontae Booker,DEN,RB,27,16,0,0,0,0,0,0,2,9,4.50,0,9,6,57,9.50,0,7,118,
Tra Carson,2TM,RB,27,3,1,0,0,0,0,0,18,48,2.67,0,4,4,18,4.50,0,7,117,
Cethan Carter,CIN,RB,24,15,0,0,0,0,0,0,0,0,,0,3,2,13,6.50,1,7,115,
Chris Hogan,CAR,WR,32,7,1,0,0,0,0,0,0,0,,0,15,8,67,8.38,0,7,165,
Troymaine Pope,LAC,RB,26,14,0,0,0,0,0,0,10,20,2.00,0,3,2,14,7.00,1,7,113,
Riley Ridley,CHI,WR,23,5,0,0,0,0,0,0,0,0,,0,7,6,69,11.50,0,7,164,
Adam Shaheen,CHI,TE,25,8,2,0,0,0,0,0,0,0,,0,13,9,74,8.22,0,7,84,
Durham Smythe,MIA,TE,24,16,14,0,0,0,0,0,0,0,,0,14,7,65,9.29,0,7,86,
Geoff Swaim,JAX,TE,26,6,2,0,0,0,0,0,0,0,,0,17,13,65,5.00,0,7,87,
Spencer Ware,KAN,RB,28,3,1,0,0,0,0,0,17,51,3.00,0,7,5,22,4.40,0,7,114,
Dwayne Washington,NOR,RB,25,16,0,0,0,0,0,0,8,60,7.50,0,1,1,6,6.00,0,7,116,
Matt Barkley,BUF,QB,29,2,0,27,51,359,0,3,2,-4,-2.00,0,0,0,0,,0,6,57,
Tyler Conklin,MIN,TE,24,15,1,0,0,0,0,0,0,0,,0,10,8,58,7.25,0,6,89,
Brett Hundley,ARI,QB,26,3,0,5,11,49,0,0,7,41,5.86,0,0,0,0,,0,6,55,
Tevin Jones,PIT,WR,27,5,0,0,0,0,0,0,0,0,,0,10,4,61,15.25,0,6,166,
Chris Lacy,DET,WR,23,7,2,0,0,0,0,0,0,0,,0,10,3,60,20.00,0,6,167,
Zach Line,NOR,RB,29,12,2,0,0,0,0,0,7,20,2.86,0,10,6,36,6.00,0,6,119,
Andre Patton,LAC,WR,25,13,5,0,0,0,0,0,0,0,,0,17,6,56,9.33,0,6,168,
Tyrod Taylor,LAC,QB,30,8,0,4,6,33,1,0,10,7,0.70,0,1,0,0,,0,6,56,
Clive Walford,MIA,TE,28,7,3,0,0,0,0,0,0,4,,0,8,4,57,14.25,0,6,88,
Khari Blasingame,TEN,RB,23,6,3,0,0,0,0,0,0,0,,0,5,4,54,13.50,0,5,120,
Deontay Burnett,PHI,WR,22,1,1,0,0,0,0,0,0,0,,0,4,2,48,24.00,0,5,170,
Mike Davis,2TM,RB,26,12,1,0,0,0,0,0,13,27,2.08,0,8,7,22,3.14,0,5,123,
Patrick DiMarco,BUF,RB,30,16,4,0,0,0,0,0,3,7,2.33,0,7,5,41,8.20,0,5,125,
Jon Hilliman,NYG,RB,24,3,1,0,0,0,0,0,30,91,3.03,0,4,3,1,0.33,0,5,121,
Alexander Hollins,MIN,WR,23,5,1,0,0,0,0,0,0,0,,0,4,2,46,23.00,0,5,171,
Taiwan Jones,HOU,RB,31,11,0,0,0,0,0,0,9,40,4.44,0,1,1,9,9.00,0,5,124,
Lance Kendricks,LAC,TE,31,12,1,0,0,0,0,0,0,0,,0,7,3,50,16.67,0,5,92,
Devine Ozigbo,JAX,RB,23,10,0,0,0,0,0,0,9,27,3.00,0,5,3,23,7.67,0,5,122,
Elijhaa Penny,NYG,RB,26,16,1,0,0,0,0,0,15,39,2.60,0,4,2,9,4.50,0,5,126,
Luke Stocker,ATL,TE,31,15,9,0,0,0,0,0,0,0,,0,14,8,53,6.63,0,5,90,
Trevon Wesco,NYJ,TE,24,16,1,0,0,0,0,0,1,2,2.00,0,3,2,47,23.50,0,5,93,
DeAndrew White,CAR,WR,28,10,0,0,0,0,0,0,0,0,,0,9,4,51,12.75,0,5,169,
Cedrick Wilson,DAL,WR,24,6,0,0,0,0,0,0,0,0,,0,8,5,46,9.20,0,5,172,
Deon Yelder,KAN,TE,24,9,1,0,0,0,0,0,0,0,,0,4,3,50,16.67,0,5,91,
C.J. Anderson,DET,RB,28,2,0,0,0,0,0,0,16,43,2.69,0,0,0,0,,0,4,127,
Geremy Davis,LAC,WR,27,7,1,0,0,0,0,0,0,0,,0,3,3,38,12.67,0,4,174,
Mike Glennon,OAK,QB,30,2,0,6,10,56,1,0,2,0,0.00,0,0,0,0,,0,4,59,
Colt McCoy,WAS,QB,33,1,1,18,27,122,0,1,2,14,7.00,0,0,0,0,,0,4,58,
Steven Mitchell,HOU,WR,25,3,1,0,0,0,0,0,0,0,,0,6,2,37,18.50,0,4,175,
Jason Moore,LAC,WR,24,10,0,0,0,0,0,0,0,0,,0,5,2,43,21.50,0,4,173,
Paul Perkins,DET,RB,25,4,0,0,0,0,0,0,12,29,2.42,0,1,1,9,9.00,0,4,128,
Jay Ajayi,PHI,RB,26,3,0,0,0,0,0,0,10,30,3.00,0,1,0,0,,0,3,130,
Travis Benjamin,LAC,WR,30,5,2,0,0,0,0,0,0,0,,0,16,6,30,5.00,0,3,181,
C.J. Board,JAX,WR,26,4,0,0,0,0,0,0,0,0,,0,4,2,31,15.50,0,3,179,
Pharaoh Brown,CLE,TE,25,9,6,0,0,0,0,0,0,0,,0,3,2,27,13.50,0,3,96,
Cody Core,NYG,WR,25,16,0,0,0,0,0,0,0,0,,0,5,3,28,9.33,0,3,183,
Dalyn Dawkins,TEN,RB,25,2,0,0,0,0,0,0,11,26,2.36,0,1,0,0,,0,3,131,
Devin Funchess,IND,WR,25,1,1,0,0,0,0,0,0,0,,0,5,3,32,10.67,0,3,178,
Johnny Holton,PIT,WR,28,16,3,0,0,0,0,0,1,9,9.00,0,15,3,21,7.00,0,3,182,
Tanner Hudson,TAM,TE,25,9,1,0,0,0,0,0,0,0,,0,5,2,26,13.00,0,3,97,
Ishmael Hyman,TAM,WR,24,2,1,0,0,0,0,0,0,0,,0,4,2,34,17.00,0,3,176,
Jordan Matthews,2TM,WR,27,3,1,0,0,0,0,0,0,0,,0,12,4,33,8.25,0,3,177,
Codey McElroy,TAM,WR,27,1,0,0,0,0,0,0,0,0,,0,1,1,30,30.00,0,3,180,
Johnny Mundt,LAR,TE,25,13,2,0,0,0,0,0,0,0,,0,7,4,26,6.50,0,3,98,
Andre Roberts*,BUF,WR,31,13,0,0,0,0,0,0,1,7,7.00,0,7,3,20,6.67,0,3,187,
Drew Sample,CIN,TE,23,9,2,0,0,0,0,0,0,0,,0,6,5,30,6.00,0,3,95,
Da'Mari Scott,NYG,WR,24,5,2,0,0,0,0,0,1,5,5.00,0,3,2,22,11.00,0,3,185,
Russell Shepard,NYG,WR,29,3,0,0,0,0,0,0,0,0,,0,8,3,25,8.33,0,3,188,
Anthony Sherman,KAN,RB,31,16,0,0,0,0,0,0,4,9,2.25,0,3,2,22,11.00,0,3,129,
Cam Sims,WAS,WR,23,7,1,0,0,0,0,0,0,0,,0,3,2,27,13.50,0,3,184,
Ryan Switzer,PIT,WR,25,9,0,0,0,0,0,0,0,0,,0,11,8,27,3.38,0,3,186,
Ross Travis,IND,TE,26,3,1,0,0,0,0,0,0,0,,0,6,4,51,12.75,0,3,94,
Nick Bawden,DET,RB,23,10,2,0,0,0,0,0,0,0,,0,6,4,17,4.25,0,2,135,
Josh Bellamy,NYJ,WR,30,7,0,0,0,0,0,0,0,0,,0,3,2,20,10.00,0,2,192,
Fred Brown,DEN,WR,26,13,1,0,0,0,0,0,0,0,,0,3,2,21,10.50,0,2,191,
Michael Crabtree,ARI,WR,32,2,1,0,0,0,0,0,0,0,,0,5,4,22,5.50,0,2,189,
Rashard Davis,TEN,WR,25,1,0,0,0,0,0,0,0,0,,0,1,1,16,16.00,0,2,200,
Robert Davis,2TM,WR,24,6,3,0,0,0,0,0,0,0,,0,5,2,17,8.50,0,2,197,
Ashton Dulin,IND,WR,22,13,0,0,0,0,0,0,0,0,,0,2,2,17,8.50,0,2,196,
Tyler Ervin,2TM,RB,26,10,0,0,0,0,0,0,1,10,10.00,0,4,2,11,5.50,0,2,133,
Darius Jennings,TEN,WR,27,8,0,0,0,0,0,0,0,0,,0,5,2,17,8.50,0,2,198,
Marqise Lee,JAX,WR,28,6,1,0,0,0,0,0,1,1,1.00,0,4,3,18,6.00,0,2,193,
T.J. Logan,TAM,RB,25,12,0,0,0,0,0,0,3,10,3.33,0,3,2,13,6.50,0,2,132,
Donte Moncrief,2TM,WR,26,8,2,0,0,0,0,0,0,0,,0,15,4,18,4.50,0,2,194,
Chris Moore,BAL,WR,26,14,1,0,0,0,0,0,1,0,0.00,0,5,3,21,7.00,0,2,190,
Stanley Morgan,CIN,WR,23,11,0,0,0,0,0,0,0,0,,0,10,3,18,6.00,0,2,195,
Josh Oliver,JAX,TE,22,4,1,0,0,0,0,0,0,0,,0,6,3,15,5.00,0,2,100,
Samaje Perine,2TM,RB,24,7,0,0,0,0,0,0,5,16,3.20,0,0,0,0,,0,2,137,
Eric Saubert,CHI,TE,25,2,0,0,0,0,0,0,0,0,,0,3,2,21,10.50,0,2,99,
Keith Smith,ATL,RB,27,16,5,0,0,0,0,0,5,8,1.60,0,3,1,13,13.00,0,2,134,
Diontae Spencer,DEN,WR,27,16,2,0,0,0,0,0,3,6,2.00,0,8,6,31,5.17,0,2,199,
Bobo Wilson,TAM,WR,24,6,1,0,0,0,0,0,0,0,,0,11,3,35,11.67,0,2,201,
Zach Zenner,3TM,RB,28,5,0,0,0,0,0,0,3,-2,-0.67,0,3,2,19,9.50,0,2,136,
Josh Adams,NYJ,RB,23,3,0,0,0,0,0,0,8,12,1.50,0,0,0,0,,0,1,139,